Title,Company,Location,Contract,Skills,Link,Salaries
Senior Python Developer - Remote,"Nile Bits, LLC","6th of October, Giza, Egypt ",Full timeWork from home,Full timeWork from homeExperienced · 3+ Yrs of Exp · Python · Django · javaScript · Software Development · Git · HTML5 · Unit Testing · Computer Science · Information Technology (IT) · Programming,https://wuzzuf.net/jobs/p/7vjwjvz3fbwV-Senior-Python-Developer---Remote-Nile-Bits-LLC-Giza-Egypt?o=1&l=sp&t=sj&a=python|search-v3|hpb,Confidential
Senior Python Dveloper,Confidential -,"Cairo, Egypt ",Full time,Full timeExperienced · 4 - 7 Yrs of Exp · Django · backend · Cloud · Computer Science · Python · Software Development · ERP · IT/Software Development,https://wuzzuf.net/jobs/p/kUEa52j1WZhA-Senior-Python-Dveloper-Cairo-Egypt?o=2&l=sp&t=sj&a=python|search-v3|hpb,Confidential
Python Developer,EBE,"Dokki, Giza, Egypt ",Full time,Full timeExperienced · 2+ Yrs of Exp · Software Development · Python · Information Technology (IT) · Computer Science · javaScript · HTML5 · Django · CSS3 · jQuery · Flask,https://wuzzuf.net/jobs/p/Atse8Mz9mIOW-Python-Developer-EBE-Giza-Egypt?o=3&l=sp&t=sj&a=python|search-v3|hpb,Confidential
Senior Python Developer - Security Engineering,Master Linux,"Heliopolis, Cairo, Egypt ",Full time,Full timeExperienced · 4 - 7 Yrs of Exp · Python · Cybersecurity · Software · Development · MySQL · DevOps · Docker · Information Technology (IT) · Software Engineering · Software Development,https://wuzzuf.net/jobs/p/do8X9BSACiQ3-Senior-Python-Developer---Security-Engineering-Master-Linux-Cairo-Egypt?o=4&l=sp&t=sj&a=python|search-v3|hpb,Confidential
Senior BackEnd Engineer (Python/Django),STC Solutions - Egypt,"New Cairo, Cairo, Egypt ",Full time,Full timeExperienced · 4+ Yrs of Exp · Software Development · Java · Software · CI/CD · NoSQL · Backend · Information Technology (IT) · Computer Science · Software Engineering · MySQL,https://wuzzuf.net/jobs/p/eOrii19uCf2B-Senior-BackEnd-Engineer-PythonDjango-STC-Solutions---Egypt-Cairo-Egypt?o=5&l=sp&t=sj&a=python|search-v3|hpb,not fetched
Python Flask Developer,RDI,"Dokki, Giza, Egypt ",Full time,Full timeEntry Level · 1 - 3 Yrs of Exp · Django · Docker · Python · Java · Programming · CSS · HTML · Angular · Computer Science · Information Technology (IT),https://wuzzuf.net/jobs/p/yKPTQsWHWpFr-Python-Flask-Developer-RDI-Giza-Egypt?o=6&l=sp&t=sj&a=python|search-v3|hpb,not fetched
Senior Software Engineer - Python,Paymob Solutions,"Maadi, Cairo, Egypt ",Full time,Full timeExperienced · 2+ Yrs of Exp · Python · Computer Science · Software Engineering · Framework · Software Development · AWS · Information Technology (IT) · javaScript · Web Services · ReactJS,https://wuzzuf.net/jobs/p/QfmBKbZGjLqK-Senior-Software-Engineer---Python-Paymob-Solutions-Cairo-Egypt?o=7&l=sp&t=sj&a=python|search-v3|hpb,not fetched
Backend Engineer - Python/Django,Paymob Solutions,"Maadi, Cairo, Egypt ",Full time,Full timeExperienced · 2+ Yrs of Exp · Information Technology (IT) · Python · Django · AWS · Web Services · Computer Science · Software Development · javaScript · REST · APIs,https://wuzzuf.net/jobs/p/cz675jpLoHOi-Backend-Engineer---PythonDjango-Paymob-Solutions-Cairo-Egypt?o=8&l=sp&t=sj&a=python|search-v3|hpb,not fetched
Python Developer,Trufla,"Heliopolis, Cairo, Egypt ",Full time,Full timeExperienced · 2+ Yrs of Exp · Python · Git · Computer Science · Information Technology (IT) · Software Development · AWS · Agile · SQL · javaScript · PHP,https://wuzzuf.net/jobs/p/7yDbksWAPCIs-Python-Developer-Trufla-Cairo-Egypt?o=9&l=sp&t=sj&a=python|search-v3|hpb,not fetched
Lead Software Engineer - Python Back End,LxT,"Mohandessin, Giza, Egypt ",Full time,Full timeManager · 6+ Yrs of Exp · Computer Science · Information Technology (IT) · Software Development · Software Engineering · Python · NoSQL · IT/Software Development · Engineering - Telecom/Technology,https://wuzzuf.net/jobs/p/c4UNiy2IF8r9-Lead-Software-Engineer---Python-Back-End-LxT-Giza-Egypt?o=10&l=sp&t=sj&a=python|search-v3|hpb,not fetched
Senior Full Stack Python Developer,FlairsTech,"Maadi, Cairo, Egypt ",Full time,Full timeExperienced · 3+ Yrs of Exp · Python · Software Development · Programming · Information Technology (IT) · JavaScript · Development · Computer Science · IT/Software Development · Engineering - Telecom/Technology,https://wuzzuf.net/jobs/p/Nh84vqjOk98a-Senior-Full-Stack-Python-Developer-FlairsTech-Cairo-Egypt?o=11&l=sp&t=sj&a=python|search-v3|hpb,not fetched
Python Developer/ Full Stack Python Developer,FlairsTech,"Cairo, Egypt ",Full time,Full timeExperienced · 3 - 7 Yrs of Exp · Angular · AWS · Computer Science · Docker · Git · OOP · SQL · React · Software Development · Information Technology (IT),https://wuzzuf.net/jobs/p/QwHsBghh1Ptt-Python-Developer-Full-Stack-Python-Developer-FlairsTech-Cairo-Egypt?o=12&l=sp&t=sj&a=python|search-v3|hpb,not fetched
Python Developer - Pandas,Cegedim,"New Cairo, Cairo, Egypt ",Full time,Full timeExperienced · 3 - 5 Yrs of Exp · Pandas · Python · Software Engineering · Web Development · Numpy · SQL · Database · S3 · Git · Data,https://wuzzuf.net/jobs/p/BYBcqUnNoFuS-Python-Developer---Pandas-Cegedim-Cairo-Egypt?o=13&l=sp&t=sj&a=python|search-v3|hpb,not fetched
Python Programming Instructor,Yat Learning Centers,"Mohandessin, Giza, Egypt ",Freelance / Project,Freelance / ProjectExperienced · 3 - 8 Yrs of Exp · Instructor · Python · trainer · programming · Computer Science · Information Technology (IT) · IT/Software Development · Education/Teaching · Training/Instructor,https://wuzzuf.net/jobs/p/OnVEIsLcz16X-Python-Programming-Instructor-Yat-Learning-Centers-Giza-Egypt?o=14&l=sp&t=sj&a=python|search-v3|hpb,not fetched
Senior Python Django Full Stack Developer,LINK Development,"Maadi, Cairo, Egypt ",Full time,Full timeExperienced · 2+ Yrs of Exp · Computer Science · Software Development · Python · Information Technology (IT) · javaScript · SQL · Software · Software Engineering · MySQL · HTML5,https://wuzzuf.net/jobs/p/nqiIePl8nlXn-Senior-Python-Django-Full-Stack-Developer-LINK-Development-Cairo-Egypt?o=15&l=sp&t=sj&a=python|search-v3|hpb,not fetched
Senior Full Stack Developer (Python/Django),STC Solutions - Egypt,"New Cairo, Cairo, Egypt ",Full time,Full timeExperienced · 4 - 7 Yrs of Exp · Software · Information Technology (IT) · Django · React · Angular · Computer Science · Software Development · javaScript · Software Engineering · Jira,https://wuzzuf.net/jobs/p/fk5Ay5N6OZbU-Senior-Full-Stack-Developer-PythonDjango-STC-Solutions---Egypt-Cairo-Egypt?o=16&l=sp&t=sj&a=python|search-v3|hpb,not fetched
Python Developer / REST API / Microservices - Ocucon Team (UK) - (Alexandria),Procrew,"San Stefano, Alexandria, Egypt ",Full time,Full timeExperienced · 3+ Yrs of Exp · MySQL · javaScript · Software Development · Programming · Git · Information Technology (IT) · Front-End · Full-Stack · Back-End · Computer Science,https://wuzzuf.net/jobs/p/n9j7iOETHBMN-Python-Developer-REST-API-Microservices---Ocucon-Team-UK---Alexandria-Procrew-Alexandria-Egypt?o=17&l=sp&t=sj&a=python|search-v3|hpb,not fetched
Python Developer For Payments / Finance,Unvc,"Alexandria, Egypt ",Full timeWork from home,Full timeWork from homeExperienced · 3+ Yrs of Exp · Python · JSON · FastAPI · Stripe · Braintree · Paypal · Fawry · Paymob · Aman · Momkn,https://wuzzuf.net/jobs/p/ilJ5mzdr1nvG-Python-Developer-For-Payments-Finance-Unvc-Alexandria-Egypt?o=18&l=sp&t=sj&a=python|search-v3|hpb,not fetched
Senior Python Technologist,Nagwa,"Nasr City, Cairo, Egypt ",Full time,Full timeExperienced · 3+ Yrs of Exp · Python · SQL · DJANGO · NOSQL · Computer Science · GIT · IT · Engineering · Telecom · IT/Software Development,https://wuzzuf.net/jobs/p/GEgbeGJUlW11-Senior-Python-Technologist-Nagwa-Cairo-Egypt?o=19&l=sp&t=sj&a=python|search-v3|hpb,not fetched
Python Developer,Shebak,"Smart Village, Giza, Egypt ",Full time,Full timeEntry Level · 0 - 2 Yrs of Exp · Python · Computer Science · PostgreSQL · C++ · Meta-Classes · Git · Unix · Linux · SQL · Agile,https://wuzzuf.net/jobs/p/U2KBscujvWg3-Python-Developer-Shebak-Giza-Egypt?o=20&l=sp&t=sj&a=python|search-v3|hpb,not fetched
Python Developer (Odoo),2B,"Nasr City, Cairo, Egypt ",Full time,Full timeExperienced · 2+ Yrs of Exp · Python · Odoo · Computer Science · Information Technology (IT) · CSS · Linux · jQuery · API · Odoo Modules · IT/Software Development,https://wuzzuf.net/jobs/p/kH3xSGTM2tKU-Python-Developer-Odoo-2B-Cairo-Egypt?o=21&l=sp&t=sj&a=python|search-v3|hpb,not fetched
Senior Python Developer - Platform Team,Nana,"Sheraton, Cairo, Egypt ",Full time,Full timeExperienced · 3+ Yrs of Exp · Computer Science · Information Technology (IT) · Software Development · Software · Programming · Design · Git · SQL · API · REST,https://wuzzuf.net/jobs/p/wO7dNbNWFouw-Senior-Python-Developer---Platform-Team-Nana-Cairo-Egypt?o=22&l=sp&t=sj&a=python|search-v3|hpb,not fetched
Senior Python Engineer,camelCase,"Mohandessin, Giza, Egypt ",Full time,Full timeExperienced · 3+ Yrs of Exp · Python · Web Development · Programming · Google Cloud · App Engine · Scalability · TDD · Information Technology (IT) · Computer Science · Software Engineering,https://wuzzuf.net/jobs/p/waq5ktbo9xfC-Senior-Python-Engineer-camelCase-Giza-Egypt?o=23&l=sp&t=sj&a=python|search-v3|hpb,not fetched
Backend Developer - Ruby On Rails/Python,Profolio Consulting,"Maadi, Cairo, Egypt ",Full time,Full timeEntry Level · 1 - 5 Yrs of Exp · Ruby · Ruby On Rails · Rails · Python · Django · React · Computer Science · Information Technology (IT) · Software Development · javaScript,https://wuzzuf.net/jobs/p/UdU2dhFaW2pZ-Backend-Developer---Ruby-On-RailsPython-Profolio-Consulting-Cairo-Egypt?o=24&l=sp&t=sj&a=python|search-v3|hpb,not fetched
3D Software Developer,Bee Digital 360,"Dokki, Giza, Egypt ",Full time,Full timeExperienced · 2 - 5 Yrs of Exp · Engineering · Computer Science · Mechatronics · Python · Software Development · Unity 3D · Information Technology (IT) · IT/Software Development · Engineering - Telecom/Technology,https://wuzzuf.net/jobs/p/eDJJgw8kRbqJ-3D-Software-Developer-Bee-Digital-360-Giza-Egypt?o=25&l=sp&t=sj&a=python|search-v3|hpb,not fetched
Odoo Developer,BlueBell,"New Cairo, Cairo, Egypt ",Full timeFreelance / ProjectWork from home,Full timeFreelance / ProjectWork from homeExperienced · 2 - 3 Yrs of Exp · CSS · Odoo · JavaScript · Web Development · Information Technology (IT) · Python · Development · HTML · jQuery · Computer Science,https://wuzzuf.net/jobs/p/JKPJIz7O1Dgt-Odoo-Developer-BlueBell-Cairo-Egypt?o=26&l=sp&t=sj&a=python|search-v3|hpb,not fetched
.Net Developer,Egybell,"Maadi, Cairo, Egypt ",Full time,Full timeEntry Level · 1 - 4 Yrs of Exp · .Net · Engineering · Information Technology (IT) · MVC · English · Software Development · Python · Computer Science · AWS · MVC Architecture,https://wuzzuf.net/jobs/p/pqxGyR0gahmd-Net-Developer-Egybell-Cairo-Egypt?o=27&l=sp&t=sj&a=python|search-v3|hpb,not fetched
Junior Odoo Developer,Rockal,"Nasr City, Cairo, Egypt ",Full time,Full timeEntry Level · 1 - 3 Yrs of Exp · Odoo · Python · javaScript · API · GIT · HTML · Computer Science · Information Technology (IT) · Odoo Modules · PostgreSQL,https://wuzzuf.net/jobs/p/dSqMROVQwyrv-Junior-Odoo-Developer-Rockal-Cairo-Egypt?o=28&l=sp&t=sj&a=python|search-v3|hpb,not fetched
Structural BIM Project Engineer,Pinnacle Real Estate Investments and Development Management,"Maadi, Cairo, Egypt ",Full time,Full timeExperienced · 2 - 7 Yrs of Exp · Civil Engineering · Project Management · Project · Primavera · Management · BIM · Engineering · Programming · Python · Engineering - Construction/Civil/Architecture,https://wuzzuf.net/jobs/p/oX0fuua8NxLK-Structural-BIM-Project-Engineer-Pinnacle-Real-Estate-Investments-and-Development-Management-Cairo-Egypt?o=29&l=sp&t=sj&a=python|search-v3|hpb,not fetched
"Junior Trader - Dubai, UAE",Cobblestone Energy,"Dubai, United Arab Emirates ",Full time,Full timeEntry Level · 0 - 5 Yrs of Exp · Trading · Mathematics · Engineering · Analysis · Numerical Analysis · Financial Markets · Python · Microsoft Excel · Purchasing/Procurement · Engineering - Oil & Gas/Energy,https://wuzzuf.net/jobs/p/DgTyIdlROTAX-Junior-Trader---Dubai-UAE-Cobblestone-Energy-Dubai-United-Arab-Emirates?o=30&l=sp&t=sj&a=python|search-v3|hpb,not fetched
Odoo Developer,Pan Marine Group,"Alexandria, Egypt ",Full time,Full timeExperienced · 2 - 4 Yrs of Exp · Software · Software Engineering · Software Development · Information Technology (IT) · Computer Science · SQL · Python · javaScript · OOD · OOP,https://wuzzuf.net/jobs/p/3kUXUyvRD4vj-Odoo-Developer-Pan-Marine-Group-Alexandria-Egypt?o=31&l=sp&t=sj&a=python|search-v3|hpb,not fetched
Senior .NET SW Engineer - C#,ICT Cube,"Maadi, Cairo, Egypt ",Full time,Full timeExperienced · 7+ Yrs of Exp · ASP.NET · .NET · Software Development · Software Engineering · Computer Science · Information Technology (IT) · OOP · System Design · Data Analysis · Data Structure,https://wuzzuf.net/jobs/p/yxe3ReIzQeyt-Senior-NET-SW-Engineer---C-ICT-Cube-Cairo-Egypt?o=32&l=sp&t=sj&a=python|search-v3|hpb,not fetched
Staff Software Engineer (Customer Domain Team),Nana,"Sheraton, Cairo, Egypt ",Full time,Full timeExperienced · 8+ Yrs of Exp · Computer Science · Information Technology (IT) · Networking · Programming · Python · Software · Software Development · Software Engineering · Troubleshooting · Debugging,https://wuzzuf.net/jobs/p/xsgTa8wQHQbM-Staff-Software-Engineer-Customer-Domain-Team-Nana-Cairo-Egypt?o=33&l=sp&t=sj&a=python|search-v3|hpb,not fetched
Product Application Engineer,Egybell,"Maadi, Cairo, Egypt ",Full time,Full timeExperienced · 4 - 8 Yrs of Exp · Computer Science · Computer Engineering · Linux · Software Development · Information Technology (IT) · Electrical Engineering · JSON · MySQL · Python · SQL,https://wuzzuf.net/jobs/p/niqoVy5lNjxi-Product-Application-Engineer-Egybell-Cairo-Egypt?o=34&l=sp&t=sj&a=python|search-v3|hpb,not fetched
Junior Devops Engineer,Raya Customer Experience,"New Cairo, Cairo, Egypt ",Full time,Full timeExperienced · 2 - 5 Yrs of Exp · Java · Computer Science · Agile · Docker · Engineering · DevOps · JavaScript · Python · Software Development · Software Engineering,https://wuzzuf.net/jobs/p/k1HKloutyxXT-Junior-Devops-Engineer-Raya-Customer-Experience-Cairo-Egypt?o=35&l=sp&t=sj&a=python|search-v3|hpb,not fetched
Big Data Engineer - Jumia Food,Jumia,"Cairo, Egypt ",Full time,Full timeExperienced · 3+ Yrs of Exp · Computer Science · Information Technology (IT) · Big Data · Computer Engineering · Java · Hadoop · Linux · C++ · Agile · Python,https://wuzzuf.net/jobs/p/qUbatMoFnAm2-Big-Data-Engineer---Jumia-Food-Jumia-Cairo-Egypt?o=36&l=sp&t=sj&a=python|search-v3|hpb,not fetched
Full Stack Developer,Dafater,"Heliopolis, Cairo, Egypt ",Full timeWork from home,Full timeWork from homeExperienced · 3 - 5 Yrs of Exp · Information Technology (IT) · Computer Science · Software Development · Software Engineering · Software · CSS · HTML · javaScript · MySQL · Python,https://wuzzuf.net/jobs/p/iqrhMtXhg5Y0-Full-Stack-Developer-Dafater-Cairo-Egypt?o=37&l=sp&t=sj&a=python|search-v3|hpb,not fetched
Senior Software Developer,GET Group- Egypt,"Sheraton, Cairo, Egypt ",Full time,Full timeExperienced · 4 - 7 Yrs of Exp · Information Technology (IT) · Computer Science · Computer Engineering · Software Development · Software Engineering · C# · WCF · WPF · MVC · C++,https://wuzzuf.net/jobs/p/sZZ9LzFVg3bv-Senior-Software-Developer-GET-Group--Egypt-Cairo-Egypt?o=38&l=sp&t=sj&a=python|search-v3|hpb,not fetched
Data Engineer (Dbt/Looker/Snowflake),360Imaging,"Dokki, Giza, Egypt ",Full timeWork from home,Full timeWork from homeEntry Level · 1 - 5 Yrs of Exp · Analysis · Python · SQL · LMS · DBT · Data Analysis · Data · Looker · Scripting · BI,https://wuzzuf.net/jobs/p/2DuWqwDosnyk-Data-Engineer-DbtLookerSnowflake-360Imaging-Giza-Egypt?o=39&l=sp&t=sj&a=python|search-v3|hpb,not fetched
STEM And Robotics Teacher,The Innovation Hub,"Shorouk City, Cairo, Egypt ",Full time,Full timeEntry Level · 1 - 3 Yrs of Exp · Robotics · Arduino · Python · STEM · Education · CAD · IT/Software Development · Engineering - Mechanical/Electrical · Education/Teaching,https://wuzzuf.net/jobs/p/gO28HOVT3P7b-STEM-And-Robotics-Teacher-The-Innovation-Hub-Cairo-Egypt?o=40&l=sp&t=sj&a=python|search-v3|hpb,not fetched
Senior Java Backend Developer,Apptcom,"Nasr City, Cairo, Egypt ",Full time,Full timeExperienced · 3 - 5 Yrs of Exp · APIs · backend · Computer Science · Information Technology (IT) · Java · MySQL · Git · Programming · Software Development · Computer Skills,https://wuzzuf.net/jobs/p/MRmrHSgQXll7-Senior-Java-Backend-Developer-Apptcom-Cairo-Egypt?o=41&l=sp&t=sj&a=python|search-v3|hpb,not fetched
Data Scientist,360Imaging,"Dokki, Giza, Egypt ",Full timeWork from home,Full timeWork from homeExperienced · 3+ Yrs of Exp · Analysis · Python · SQL · LMS · DBT · Data Analysis · Data · Looker · Scripting · BI,https://wuzzuf.net/jobs/p/8zc9LyCXF5gi-Data-Scientist-360Imaging-Giza-Egypt?o=42&l=sp&t=sj&a=python|search-v3|hpb,not fetched
Senior Back End Developer,Your Parts,"Maadi, Cairo, Egypt ",Full time,Full timeExperienced · 4+ Yrs of Exp · Information Technology (IT) · Computer Science · Software Development · Python · Engineering · Computer · Science · Django · AWS · Flask,https://wuzzuf.net/jobs/p/kIhHBuLLjJHI-Senior-Back-End-Developer-Your-Parts-Cairo-Egypt?o=43&l=sp&t=sj&a=python|search-v3|hpb,not fetched
Ruby On Rails Developer,FlairsTech,"Cairo, Egypt ",Full time,Full timeExperienced · 2+ Yrs of Exp · CSS · HTML · PHP · MySQL · javaScript · Engineering · Computer Engineering · Computer Science · AngularJS · jQuery,https://wuzzuf.net/jobs/p/lhRqVWUpAeAZ-Ruby-On-Rails-Developer-FlairsTech-Cairo-Egypt?o=44&l=sp&t=sj&a=python|search-v3|hpb,not fetched
Senior Backend Developer Node JS,StatsBomb,"Nasr City, Cairo, Egypt ",Full time,Full timeExperienced · 3 - 5 Yrs of Exp · Computer Science · Information Technology (IT) · Agile · Software · Node.js · Python · SQL · Github · Docker · AWS,https://wuzzuf.net/jobs/p/Q6TiXA5SelOh-Senior-Backend-Developer-Node-JS-StatsBomb-Cairo-Egypt?o=45&l=sp&t=sj&a=python|search-v3|hpb,not fetched
Computer Vision & Deep Learning Developer,Fruitful Solutions,"New Nozha, Cairo, Egypt ",Full timeWork from home,Full timeWork from homeEntry Level · 1+ Yrs of Exp · Machine Learning · Computer Engineering · C++ · Engineering · Linux · Computer Vision · Deep Learning · Python · Computer Science · Information Technology (IT),https://wuzzuf.net/jobs/p/nfpAuQnKeKtb-Computer-Vision-Deep-Learning-Developer-Fruitful-Solutions-Cairo-Egypt?o=46&l=sp&t=sj&a=python|search-v3|hpb,not fetched
Computer Science Instructor,iSchool,"New Cairo, Cairo, Egypt ",Full timeWork from home,Full timeWork from homeEntry Level · 0 - 7 Yrs of Exp · Computer Science · Instructor · Training · Teaching · Science · Computer · Information Technology (IT) · Programming · Python · Robotics,https://wuzzuf.net/jobs/p/kHUbY0hZWs0B-Computer-Science-Instructor-iSchool-Cairo-Egypt?o=47&l=sp&t=sj&a=python|search-v3|hpb,not fetched
Odoo Developer,Confidential -,"Maadi, Cairo, Egypt ",Full time,Full timeExperienced · 3+ Yrs of Exp · Odoo Developer · Information Technology (IT) · Computer Science · Business Systems · ERP · Functional · Odoo Modules · Python · Odoo · IT/Software Development,https://wuzzuf.net/jobs/p/2JwrlmKrm02h-Odoo-Developer-Cairo-Egypt?o=48&l=sp&t=sj&a=python|search-v3|hpb,not fetched
BI Team Lead,Excel Systems  ,"Sheikh Zayed, Giza, Egypt ",Full time,Full timeManager · 7+ Yrs of Exp · BI · Android · Communication skills · Computer Science · Engineering · Information Technology (IT) · Programming · Python · Software · Software Development,https://wuzzuf.net/jobs/p/cxOEWjzcfSsL-BI-Team-Lead-Excel-Systems-Giza-Egypt?o=49&l=sp&t=sj&a=python|search-v3|hpb,not fetched
Test Automation Engineer,SIA,"Maadi, Cairo, Egypt ",Full time,Full timeEntry Level · 1 - 4 Yrs of Exp · Computer Science · Information Technology (IT) · Java · Software Testing · Testing · UI · Software · Software Development · HTML5 · Python,https://wuzzuf.net/jobs/p/J2GZ8ApN1aJQ-Test-Automation-Engineer-SIA-Cairo-Egypt?o=50&l=sp&t=sj&a=python|search-v3|hpb,not fetched
Senior Automation Testing Engineer,Capiter,"Maadi, Cairo, Egypt ",Full time,Full timeExperienced · 4+ Yrs of Exp · Automation · Software Development · Java · Selenium · Agile · Scrum · Apache JMeter · RESTful API · Git · Python,https://wuzzuf.net/jobs/p/mdqfgsO2iETK-Senior-Automation-Testing-Engineer-Capiter-Cairo-Egypt?o=51&l=sp&t=sj&a=python|search-v3|hpb,not fetched
Senior Data Scientist,Wakeb Data,"Mohandessin, Giza, Egypt ",Full time,Full timeExperienced · 3 - 5 Yrs of Exp · Data Science · Python · Computer Science · Data Scientist · Speech Recognition · Computer vision · machine-learning · Statistics · Information Technology (IT) · IT/Software Development,https://wuzzuf.net/jobs/p/2hrFOqdT0yRH-Senior-Data-Scientist-Wakeb-Data-Giza-Egypt?o=52&l=sp&t=sj&a=python|search-v3|hpb,not fetched
Senior Data Analyst,360Imaging,"Dokki, Giza, Egypt ",Full timeWork from home,Full timeWork from homeExperienced · 3+ Yrs of Exp · Analysis · Python · SQL · LMS · DBT · Data Analysis · Data · Looker · Scripting · BI,https://wuzzuf.net/jobs/p/SAP89CJNFjqc-Senior-Data-Analyst-360Imaging-Giza-Egypt?o=53&l=sp&t=sj&a=python|search-v3|hpb,not fetched
Mid/Senior System Engineer,Contensi Egypt for Software,"6th of October, Giza, Egypt ",Full timeWork from home,Full timeWork from homeExperienced · 3+ Yrs of Exp · Information Technology (IT) · Computer Science · Cloud · Python · Java · English · DNS · Programming · Kubernetes · Gitlab,https://wuzzuf.net/jobs/p/PbtHjXNIjuOs-MidSenior-System-Engineer-Contensi-Egypt-for-Software-Giza-Egypt?o=54&l=sp&t=sj&a=python|search-v3|hpb,not fetched
Front-End Developer Team Leader - Alexandria,Caduceus Lane,"Alexandria, Egypt ",Full time,Full timeManager · 5+ Yrs of Exp · Java · C++ · C# · HTML · CSS · Python · Information Technology (IT) · Adobe Illustrator · Adobe Indesign · Web Design,https://wuzzuf.net/jobs/p/bFIXp8lzqBZ8-Front-End-Developer-Team-Leader---Alexandria-Caduceus-Lane-Alexandria-Egypt?o=55&l=sp&t=sj&a=python|search-v3|hpb,not fetched
Full Stack Developer - Contract Position Possible,Gergco LLC,"New Cairo, Cairo, Egypt ",Full timeWork from home,Full timeWork from homeExperienced · 3 - 10 Yrs of Exp · Python · Computer Science · Information Technology (IT) · Git · React · javaScript · IT/Software Development · Engineering - Telecom/Technology,https://wuzzuf.net/jobs/p/T7RqXA7TUEQc-Full-Stack-Developer---Contract-Position-Possible-Gergco-LLC-Cairo-Egypt?o=56&l=sp&t=sj&a=python|search-v3|hpb,not fetched
Software Testing Engineer,CloudInn,"Dokki, Giza, Egypt ",Full time,Full timeEntry Level · 1 - 3 Yrs of Exp · Software Development · Testing · Software Testing · Financial Software · Software Engineering · Financial Operations · Testing Engineers · Hospitality · Information Technology (IT) · Engineering,https://wuzzuf.net/jobs/p/l11oeLcq8jOT-Software-Testing-Engineer-CloudInn-Giza-Egypt?o=57&l=sp&t=sj&a=python|search-v3|hpb,not fetched
Machine Learning Engineer,Technic,"New Cairo, Cairo, Egypt ",Full time,Full timeExperienced · 2 - 5 Yrs of Exp · Computer Science · Information Technology (IT) · Computer Vision · Machine Learning · Python · Computer Engineering · Keras · Tensorflow · Computer · AWS,https://wuzzuf.net/jobs/p/7Qj4zeXcrWVZ-Machine-Learning-Engineer-Technic-Cairo-Egypt?o=58&l=sp&t=sj&a=python|search-v3|hpb,not fetched
Senior Data Analyst,StatsBomb,"Nasr City, Cairo, Egypt ",Full time,Full timeExperienced · 5+ Yrs of Exp · Data Analysis · Analysis · Data · Analytical · Power BI · Tableau · BI · Data Visualization · Information Technology (IT) · English,https://wuzzuf.net/jobs/p/GrHj1Ak7zb9Y-Senior-Data-Analyst-StatsBomb-Cairo-Egypt?o=59&l=sp&t=sj&a=python|search-v3|hpb,not fetched
Senior Software Engineer (Ruby On Rails),Premier Services and Recruitment,"Cairo, Egypt ",Full timePart timeFreelance / Project,Full timePart timeFreelance / ProjectExperienced · 5+ Yrs of Exp · Ruby On Rails · Computer Science · Information Technology (IT) · NoSQL · javaScript · AWS · Docker · REST · Python · NodeJS,https://wuzzuf.net/jobs/p/7g1GJ1XqoaqC-Senior-Software-Engineer-Ruby-On-Rails-Premier-Services-and-Recruitment-Cairo-Egypt?o=60&l=sp&t=sj&a=python|search-v3|hpb,not fetched
Cloud Engineer,Evolvice GmbH,"Cairo, Egypt ",Full timeWork from home,Full timeWork from homeExperienced · 3+ Yrs of Exp · Cloud · AWS · Python · Networking · Computer Science · Information Technology (IT) · Engineering · Linux · IT/Software Development · Engineering - Telecom/Technology,https://wuzzuf.net/jobs/p/Vluw9QCYhMvn-Cloud-Engineer-Evolvice-GmbH-Cairo-Egypt?o=61&l=sp&t=sj&a=python|search-v3|hpb,not fetched
Software Developer,IOP,"Heliopolis, Cairo, Egypt ",Internship,InternshipEntry Level · Information Technology (IT) · Software Development · Computer Science · web service · system integration · IOT · AI · SQL · database hosting · Programming,https://wuzzuf.net/jobs/p/uaeUFAYzIFn5-Software-Developer-IOP-Cairo-Egypt?o=62&l=sp&t=sj&a=python|search-v3|hpb,not fetched
Senior Linux System Engineer,Link Datacenter,"Dokki, Giza, Egypt ",Full time,Full timeExperienced · 3 - 5 Yrs of Exp · Engineering · Communication Engineering · Information Technology (IT) · Computer Science · Installation · Maintenance · Solaris · CentOS · RedHat · NGINX,https://wuzzuf.net/jobs/p/Sch6h74wUEOq-Senior-Linux-System-Engineer-Link-Datacenter-Giza-Egypt?o=63&l=sp&t=sj&a=python|search-v3|hpb,not fetched
Odoo Developer,T&D Design,"New Cairo, Cairo, Egypt ",Full time,Full timeExperienced · 2 - 5 Yrs of Exp · Odoo · HTML · Information Technology (IT) · Computer Science · Python · PostgreSQL · Linux · Git · Odoo Modules · Pycharm,https://wuzzuf.net/jobs/p/CZoThNqUfJYE-Odoo-Developer-TD-Design-Cairo-Egypt?o=64&l=sp&t=sj&a=python|search-v3|hpb,not fetched
DevOps Engineer,Beyond Solution,"Maadi, Cairo, Egypt ",Full time,Full timeEntry Level · 1 - 3 Yrs of Exp · Computer Science · AWS · Linux · Rest · Information Technology (IT) · SonarQube · Docker · XRat · Jira · Bitbucket,https://wuzzuf.net/jobs/p/24HwuUbKoTQL-DevOps-Engineer-Beyond-Solution-Cairo-Egypt?o=65&l=sp&t=sj&a=python|search-v3|hpb,not fetched
Machine Learning Researcher,RDI,"Dokki, Giza, Egypt ",Full time,Full timeEntry Level · 0 - 3 Yrs of Exp · Machine Learning · Deep Learning · Python · TensorFlow · Computer Engineering · Computer Science · Flask · GIT · Linux · C++,https://wuzzuf.net/jobs/p/SqIOEB3989tU-Machine-Learning-Researcher-RDI-Giza-Egypt?o=66&l=sp&t=sj&a=python|search-v3|hpb,not fetched
Senior Data Analyst,Nana,"Sheraton, Cairo, Egypt ",Full time,Full timeExperienced · 3 - 5 Yrs of Exp · Data Analysis · SQL · Tableau · BI · Power BI · Python · MYSQL · Data science · Data Manipulation · Data Visualization,https://wuzzuf.net/jobs/p/s1RxDd9HBn9a-Senior-Data-Analyst-Nana-Cairo-Egypt?o=67&l=sp&t=sj&a=python|search-v3|hpb,not fetched
Software Test Automation Engineer,AFKAR Technology,"Smart Village, Giza, Egypt ",Full time,Full timeExperienced · 2 - 5 Yrs of Exp · Automation · Java · RPA · C# · Software Testing · Selenium · Testing · Programming · Computer Science · Information Technology (IT),https://wuzzuf.net/jobs/p/CItb0m5nhqgp-Software-Test-Automation-Engineer-AFKAR-Technology-Giza-Egypt?o=68&l=sp&t=sj&a=python|search-v3|hpb,not fetched
Robotics Instructor Steam,iSchool,"New Cairo, Cairo, Egypt ",Full time,Full timeEntry Level · 0 - 10 Yrs of Exp · Teaching · Education · Lego · Stem · Mechanical · Robot · Robotics · Engineering · Electronics · Programming,https://wuzzuf.net/jobs/p/ngODUU6MN64s-Robotics-Instructor-Steam-iSchool-Cairo-Egypt?o=69&l=sp&t=sj&a=python|search-v3|hpb,not fetched
Software Engineer,Mitcha,"Maadi, Cairo, Egypt ",Full time,Full timeExperienced · 2 - 4 Yrs of Exp · Programming · Computer Science · Python · PHP · Java · Hosting · UNIX · Information Technology (IT) · Software Engineering · Software Development,https://wuzzuf.net/jobs/p/GqA2DS4umnEo-Software-Engineer-Mitcha-Cairo-Egypt?o=70&l=sp&t=sj&a=python|search-v3|hpb,not fetched
Information Security Administrator,One Point Holding,"Heliopolis, Cairo, Egypt ",Full time,Full timeExperienced · 3 - 6 Yrs of Exp · Cisco · Information Technology (IT) · Computer Science · Engineering · Security · Network Security · Network · Computer · Firewalls · Information Security,https://wuzzuf.net/jobs/p/GnnvkPVXxfV5-Information-Security-Administrator-One-Point-Holding-Cairo-Egypt?o=71&l=sp&t=sj&a=python|search-v3|hpb,not fetched
Devops Engineer,WebOps,"New Cairo, Cairo, Egypt ",Full time,Full timeEntry Level · 1 - 3 Yrs of Exp · devops · Software Development · Information Technology (IT) · Computer Science · Computer Engineering · AWS · Linux · Git · Azure · Python,https://wuzzuf.net/jobs/p/07hZAMM9CK3f-Devops-Engineer-WebOps-Cairo-Egypt?o=72&l=sp&t=sj&a=python|search-v3|hpb,not fetched
Senior Software Testing Engineer,FILLFLIX for Software,"Maadi, Cairo, Egypt ",Full time,Full timeExperienced · 5+ Yrs of Exp · Computer Science · Information Technology (IT) · Testing · Software Development · Jira · ISTQB · Software Testing · Selenium · Java · python,https://wuzzuf.net/jobs/p/VBypfuOVO8l8-Senior-Software-Testing-Engineer-FILLFLIX-for-Software-Cairo-Egypt?o=73&l=sp&t=sj&a=python|search-v3|hpb,not fetched
Full Stack Software Engineer - Remotely,KaGoal,"Cairo, Egypt ",Full timePart timeWork from home,Full timePart timeWork from homeExperienced · 2 - 3 Yrs of Exp · Software Development · Node.js · Information Technology (IT) · javaScript · Full Stack · HTML · React · Software · Software Engineering · SQL,https://wuzzuf.net/jobs/p/84ztSGiVTjFX-Full-Stack-Software-Engineer---Remotely-KaGoal-Cairo-Egypt?o=74&l=sp&t=sj&a=python|search-v3|hpb,not fetched
Senior Odoo Developer,Docuserv,"Cairo, Egypt ",Full time,Full timeExperienced · 2 - 4 Yrs of Exp · Odoo · Python · Odoo Modules · PostgreSQL · XML · API · Information Technology (IT) · Computer Science · GIT · javaScript,https://wuzzuf.net/jobs/p/EIWrF3QeUhX8-Senior-Odoo-Developer-Docuserv-Cairo-Egypt?o=75&l=sp&t=sj&a=python|search-v3|hpb,not fetched
Google Cloud Data Architect,Technidrome,"Cairo, Egypt ",Full time,Full timeExperienced · 5 - 15 Yrs of Exp · Information Technology (IT) · Computer Science · Google Cloud · Cloud · Computer Engineering · Engineering · Google · Data Engineering · English · Hadoop,https://wuzzuf.net/jobs/p/vEkRhS11vwO1-Google-Cloud-Data-Architect-Technidrome-Cairo-Egypt?o=76&l=sp&t=sj&a=python|search-v3|hpb,not fetched
Senior Full Stack Developer (PHP Laravel & Vue.js),Starzly,"Cairo, Egypt ",Full time,Full timeExperienced · 3 - 5 Yrs of Exp · full stack · Software Development · Laravel · React · MongoDB · Information Technology (IT) · Computer Science · MySQL · Git · Software,https://wuzzuf.net/jobs/p/6glm4eLIkoNB-Senior-Full-Stack-Developer-PHP-Laravel-Vuejs-Starzly-Cairo-Egypt?o=77&l=sp&t=sj&a=python|search-v3|hpb,not fetched
Back-End Developer,Blnk Consumer Finance,"Giza, Egypt ",Full time,Full timeExperienced · 3+ Yrs of Exp · Computer Science · Information Technology (IT) · Software Development · Software Engineering · Python · Django · Telecom Engineering · Back-End Developer · Development · IT/Software Development,https://wuzzuf.net/jobs/p/0yaLi84JmpwC-Back-End-Developer-Blnk-Consumer-Finance-Giza-Egypt?o=78&l=sp&t=sj&a=python|search-v3|hpb,not fetched
Devops Engineer,Kashier Payment Solutions,"Zamalek, Cairo, Egypt ",Full time,Full timeExperienced · 3+ Yrs of Exp · Computer Science · Information Technology (IT) · DevOps · Software Development · Python · Agile · AWS · Automation · Docker · IT/Software Development,https://wuzzuf.net/jobs/p/aFagFru3hNRu-Devops-Engineer-Kashier-Payment-Solutions-Cairo-Egypt?o=79&l=sp&t=sj&a=python|search-v3|hpb,not fetched
Senior Django Developer,Pillars,"Cairo, Egypt ",Full time,Full timeManager · 5 - 12 Yrs of Exp · Django · Information Technology (IT) · Computer Science · Agile · Python · Development · Installation/Maintenance/Repair · IT/Software Development · Engineering - Telecom/Technology,https://wuzzuf.net/jobs/p/FFWwJUpRGJlD-Senior-Django-Developer-Pillars-Cairo-Egypt?o=80&l=sp&t=sj&a=python|search-v3|hpb,not fetched
Data Scientist,B.Tech,"Nasr City, Cairo, Egypt ",Full time,Full timeEntry Level · 1 - 3 Yrs of Exp · Python · Information Technology (IT) · Computer Science · Data Science · Statistics · SQL · MySQL · Data · Science · Mathematics,https://wuzzuf.net/jobs/p/AWyomu98Kn2y-Data-Scientist-B-Tech-Cairo-Egypt?o=81&l=sp&t=sj&a=python|search-v3|hpb,not fetched
Odoo Technical Consultant,OdooTec,"New Cairo, Cairo, Egypt ",Full time,Full timeEntry Level · 1+ Yrs of Exp · odoo · python · Technical Consultant · IT · IT/Software Development · Strategy/Consulting · Engineering - Telecom/Technology,https://wuzzuf.net/jobs/p/aQsR60XGXBgZ-Odoo-Technical-Consultant-OdooTec-Cairo-Egypt?o=82&l=sp&t=sj&a=python|search-v3|hpb,not fetched
Senior Full Stack Developer (PHP Laravel & Vue.js),CrossWorkers,"New Cairo, Cairo, Egypt ",Full time,Full timeExperienced · 3+ Yrs of Exp · Information Technology (IT) · Software Development · Laravel · VueJs · AJAX · MySQL · javaScript · PHP Laravel · PHP · Computer Science,https://wuzzuf.net/jobs/p/JocU1ukWYcvQ-Senior-Full-Stack-Developer-PHP-Laravel-Vuejs-CrossWorkers-Cairo-Egypt?o=83&l=sp&t=sj&a=python|search-v3|hpb,not fetched
SDE - 1,Confidential -,"Cairo, Egypt ",Full time,Full timeEntry Level · 1 - 3 Yrs of Exp · SQL · C# · Java · IT · Computer Science · Engineering · Telecom · Python · IT/Software Development · Engineering - Telecom/Technology,https://wuzzuf.net/jobs/p/Zkyusn1kNnSa-SDE---1-Cairo-Egypt?o=84&l=sp&t=sj&a=python|search-v3|hpb,not fetched
Senior Backend Developer,1336 Studios,"Cairo, Egypt ",Full timeWork from home,Full timeWork from homeExperienced · 4+ Yrs of Exp · AWS ECS · AWS EC2 · Django · Flask · FP · DynamoDB · NoSQL · PostgreSQL · MySQL · Kubernetes,https://wuzzuf.net/jobs/p/91V1GRSZDqTg-Senior-Backend-Developer-1336-Studios-Cairo-Egypt?o=85&l=sp&t=sj&a=python|search-v3|hpb,not fetched
Senior Test Automation Engineer,buseet,"Maadi, Cairo, Egypt ",Full time,Full timeExperienced · 3 - 5 Yrs of Exp · Katalon · Seleium · appuim · Testing · QC · Automated Testing · Security · Computer Science · Information Technology (IT) · Software Development,https://wuzzuf.net/jobs/p/J7RIzhM4Bxsr-Senior-Test-Automation-Engineer-buseet-Cairo-Egypt?o=86&l=sp&t=sj&a=python|search-v3|hpb,not fetched
Data Analyst,Confidential -,"Cairo, Egypt ",Full time,Full timeExperienced · 3+ Yrs of Exp · Data Analysis · BI · SQL · Tableau · Business · Analytical · Data · Information Technology (IT) · Python · Computer Science,https://wuzzuf.net/jobs/p/tBGEcQp3jGpV-Data-Analyst-Cairo-Egypt?o=87&l=sp&t=sj&a=python|search-v3|hpb,not fetched
SDE - 2,Confidential -,"Maadi, Cairo, Egypt ",Full time,Full timeExperienced · 5+ Yrs of Exp · SQL · IT · Computer Science · Engineering · Telecom · Java · Python · .NET · IT/Software Development · Engineering - Telecom/Technology,https://wuzzuf.net/jobs/p/AJEBn14Ki15r-SDE---2-Cairo-Egypt?o=88&l=sp&t=sj&a=python|search-v3|hpb,not fetched
Robotic Designer,Icity,"Cairo, Egypt ",Full time,Full timeExperienced · 2+ Yrs of Exp · Python · Robotics · C# · Computer · Computer Science · Engineering · Mechatronics · Mechanical · C++ · LiDAR,https://wuzzuf.net/jobs/p/SXOsnm3DTIkI-Robotic-Designer-Icity-Cairo-Egypt?o=89&l=sp&t=sj&a=python|search-v3|hpb,not fetched
SDE-3,Confidential -,"Maadi, Cairo, Egypt ",Full time,Full timeExperienced · 7+ Yrs of Exp · API · Java · Python · IT · Computer Science · Engineering · Telecom · .Net · IT/Software Development · Engineering - Telecom/Technology,https://wuzzuf.net/jobs/p/25rU2T5hoZVG-SDE-3-Cairo-Egypt?o=90&l=sp&t=sj&a=python|search-v3|hpb,not fetched
Junior Data Scientist/ML Engineer,TMentors,"Cairo, Egypt ",Full time,Full timeEntry Level · 0 - 3 Yrs of Exp · Computer Science · Machine Learning · Data Science · Python · Engineering · ETL · Cloud · Information Technology (IT) · SQL · Statistics,https://wuzzuf.net/jobs/p/hpV79EG5sNSM-Junior-Data-ScientistML-Engineer-TMentors-Cairo-Egypt?o=91&l=sp&t=sj&a=python|search-v3|hpb,not fetched
IoT Engineer,Icity,"Cairo, Egypt ",Full time,Full timeExperienced · 2+ Yrs of Exp · Computer Science · Information Technology (IT) · Linux · Electronics · IoT · English · MQTT · Engineering · Computer Engineering · Electrical,https://wuzzuf.net/jobs/p/T1CjhxY1x8xH-IoT-Engineer-Icity-Cairo-Egypt?o=92&l=sp&t=sj&a=python|search-v3|hpb,not fetched
Senior Odoo Developer,Confidential -,"New Cairo, Cairo, Egypt ",Full time,Full timeExperienced · 3 - 5 Yrs of Exp · Odoo · Python · Information Technology (IT) · Odoo Modules · Computer Science · GIT · IT/Software Development · Engineering - Telecom/Technology,https://wuzzuf.net/jobs/p/2LlyF2dioSQY-Senior-Odoo-Developer-Cairo-Egypt?o=93&l=sp&t=sj&a=python|search-v3|hpb,not fetched
IT Infrastructure Supervisor / Engineer,Confidential -,"Cairo, Egypt ",Full time,Full timeManager · 3 - 8 Yrs of Exp · Information Technology (IT) · Infrastructure · Computer Science · Engineering · Computer · Linux · Information Technology · Configuration · Python · Git,https://wuzzuf.net/jobs/p/Vt602GYaNs9g-IT-Infrastructure-Supervisor-Engineer-Cairo-Egypt?o=94&l=sp&t=sj&a=python|search-v3|hpb,not fetched
Odoo Developer,Technic,"New Cairo, Cairo, Egypt ",Full time,Full timeExperienced · 2 - 5 Yrs of Exp · Odoo · information technology · Information Technology (IT) · Computer Science · GIT · Design · HTML · XML · Odoo Modules · SQL,https://wuzzuf.net/jobs/p/jOxc5EK9SsIM-Odoo-Developer-Technic-Cairo-Egypt?o=95&l=sp&t=sj&a=python|search-v3|hpb,not fetched
Senior Software Engineer,THE PLATFORM,"New Cairo, Cairo, Egypt ",Full timeWork from home,Full timeWork from homeManager · 4 - 6 Yrs of Exp · Computer Science · Software Engineering · SQL · NodeJS · ReactJS · Python · Development · Software Development · Computer Engineering · Information Technology (IT),https://wuzzuf.net/jobs/p/6x5TsWKRmjZN-Senior-Software-Engineer-THE-PLATFORM-Cairo-Egypt?o=96&l=sp&t=sj&a=python|search-v3|hpb,not fetched
Principal Engineer,Confidential -,"Maadi, Cairo, Egypt ",Full time,Full timeManager · 10+ Yrs of Exp · Information Technology (IT) · Computer Science · Python · Java · AngularJS · Docker · .NET · AWS · Design · Software Development,https://wuzzuf.net/jobs/p/9OwgntVMm58P-Principal-Engineer-Cairo-Egypt?o=97&l=sp&t=sj&a=python|search-v3|hpb,not fetched
Senior Odoo Developer,Archer Solutions,"New Cairo, Cairo, Egypt ",Full time,Full timeExperienced · 2+ Yrs of Exp · Odoo · Python · Computer Science · Information Technology (IT) · Software Development · Software · Agile · Design · English · OO Concepts,https://wuzzuf.net/jobs/p/geB63bSbbrcn-Senior-Odoo-Developer-Archer-Solutions-Cairo-Egypt?o=98&l=sp&t=sj&a=python|search-v3|hpb,not fetched
SRE & Support Engineer - Cairo,Cegedim,"New Cairo, Cairo, Egypt ",Full time,Full timeExperienced · 2+ Yrs of Exp · Jira · Saltstack · Jenkins · Linux · Oracle · MongoDB · Bash · Powershell · Python · Groovy,https://wuzzuf.net/jobs/p/e9uIEfjFWUss-SRE-Support-Engineer---Cairo-Cegedim-Cairo-Egypt?o=99&l=sp&t=sj&a=python|search-v3|hpb,not fetched
Data Analyst,Tamweely,"Cairo, Egypt ",Full time,Full timeEntry Level · 1 - 3 Yrs of Exp · Analysis · Data Analysis · Computer Science · SQL · Tableau · Power BI · Information Technology (IT) · Microsoft Excel · Data Visualization · Python,https://wuzzuf.net/jobs/p/WtmAc5I4bnrk-Data-Analyst-Tamweely-Cairo-Egypt?o=100&l=sp&t=sj&a=python|search-v3|hpb,not fetched
Senior Quality Assurance - Automation Specialist - Software,Rasan,"Nasr City, Cairo, Egypt ",Full time,Full timeExperienced · 3 - 4 Yrs of Exp · Quality Control · Quality Assurance · Computer Science · Engineering · Quality · QA · Testing · Agile · Automation · Selenium,https://wuzzuf.net/jobs/p/RlLk2Q3PIrbG-Senior-Quality-Assurance---Automation-Specialist---Software-Rasan-Cairo-Egypt?o=101&l=sp&t=sj&a=python|search-v3|hpb,not fetched
Senior Software Quality Control Engineer,CreditGO,"Attarin, Alexandria, Egypt ",Full time,Full timeExperienced · 2 - 5 Yrs of Exp · Testing · Quality Control · Information Technology (IT) · Computer Science · Software · Engineering · English · Programming · Python · SDLC,https://wuzzuf.net/jobs/p/ttGySkqbWrIx-Senior-Software-Quality-Control-Engineer-CreditGO-Alexandria-Egypt?o=102&l=sp&t=sj&a=python|search-v3|hpb,not fetched
Coding / Programming Teacher,NASS Academy,"Cairo, Egypt ",Full time,Full timeExperienced · 2+ Yrs of Exp · Teaching · Education · Python · Java · Coding · Programming · IT · Software · Software Engineering · English,https://wuzzuf.net/jobs/p/WjIOQIRZvxWy-Coding-Programming-Teacher-NASS-Academy-Cairo-Egypt?o=103&l=sp&t=sj&a=python|search-v3|hpb,not fetched
DevOps Engineer - Cairo,Maxycode,"Nasr City, Cairo, Egypt ",Full time,Full timeExperienced · 2 - 6 Yrs of Exp · Computer Science · Information Technology (IT) · DevOps · Software Development · Linux · Git · Software · Python · Ansible · PHP,https://wuzzuf.net/jobs/p/T8W60FJrKudv-DevOps-Engineer---Cairo-Maxycode-Cairo-Egypt?o=104&l=sp&t=sj&a=python|search-v3|hpb,not fetched
Senior DevOps Engineer,Cegedim,"New Cairo, Cairo, Egypt ",Full time,Full timeExperienced · 5 - 10 Yrs of Exp · System Administration · Linux · Network Adminstartion · Engineering · Windows Systems · MongoDB · Oracle · PostgreSQL · Python · API,https://wuzzuf.net/jobs/p/Vus2mBAUafuS-Senior-DevOps-Engineer-Cegedim-Cairo-Egypt?o=105&l=sp&t=sj&a=python|search-v3|hpb,not fetched
ERP Next Developer,WSM Co.,"Sheikh Zayed, Giza, Egypt ",Full time,Full timeExperienced · 3+ Yrs of Exp · ERPNext · Erp Next · Next · IT · Computer Science · IT/Software Development · Engineering - Telecom/Technology,https://wuzzuf.net/jobs/p/JuBsaHjbFazz-ERP-Next-Developer-WSM-Co-Giza-Egypt?o=106&l=sp&t=sj&a=python|search-v3|hpb,not fetched
Back-End Developer,Reno Systems,"Maadi, Cairo, Egypt ",Full time,Full timeExperienced · 2+ Yrs of Exp · Python · Computer Science · Information Technology (IT) · Engineering · Django · Linux · Git · Apache · Node.js · Backbone.js,https://wuzzuf.net/jobs/p/FYtRhhr0h20s-Back-End-Developer-Reno-Systems-Cairo-Egypt?o=107&l=sp&t=sj&a=python|search-v3|hpb,not fetched
Senior Data Scientist,Etisalat Misr,"Cairo, Egypt ",Full time,Full timeExperienced · 3+ Yrs of Exp · Information Technology (IT) · Computer Science · Data Science · Python · Machine Learning · SQL · ETL · Pandas · BIG Data · Problem Solving,https://wuzzuf.net/jobs/p/ZQ6Ki2MBrrY3-Senior-Data-Scientist-Etisalat-Misr-Cairo-Egypt?o=108&l=sp&t=sj&a=python|search-v3|hpb,not fetched
Data Scientist,Etisalat Misr,"Cairo, Egypt ",Full time,Full timeExperienced · 1 - 3 Yrs of Exp · Computer Science · Information Technology (IT) · Python · Data Science · Machine Learning · SQL · ETL · NumPy · Pandas · Spark,https://wuzzuf.net/jobs/p/2ZORtZthdzm0-Data-Scientist-Etisalat-Misr-Cairo-Egypt?o=109&l=sp&t=sj&a=python|search-v3|hpb,not fetched
Devops Engineer,Qsource,"Garden City, Cairo, Egypt ",Full time,Full timeExperienced · 2 - 3 Yrs of Exp · Computer Science · Devops Engineer · Design · DevOps · Information Technology (IT) · Software · Software Development · Troubleshooting · IT/Software Development · Engineering - Telecom/Technology,https://wuzzuf.net/jobs/p/gVUk3SlLLXdY-Devops-Engineer-Qsource-Cairo-Egypt?o=110&l=sp&t=sj&a=python|search-v3|hpb,not fetched
Electrical & Low Current BIM Project Engineer,Pinnacle Real Estate Investments and Development Management,"Maadi, Cairo, Egypt ",Full time,Full timeExperienced · 2 - 7 Yrs of Exp · BIM · Electrical Engineering · Low Current · Project · Project Management · AutoCAD · Management · Engineering · Programming · Engineering - Construction/Civil/Architecture,https://wuzzuf.net/jobs/p/A3Cyt5V3YEci-Electrical-Low-Current-BIM-Project-Engineer-Pinnacle-Real-Estate-Investments-and-Development-Management-Cairo-Egypt?o=111&l=sp&t=sj&a=python|search-v3|hpb,not fetched
Mechanical & HVAC BIM Project Engineer,Pinnacle Real Estate Investments and Development Management,"Maadi, Cairo, Egypt ",Full time,Full timeExperienced · 2 - 7 Yrs of Exp · Management · Mechanical Engineering · BIM · HVAC · Programming · Primavera · Project Management · Software · Project · Engineering,https://wuzzuf.net/jobs/p/70EmbW3062mG-Mechanical-HVAC-BIM-Project-Engineer-Pinnacle-Real-Estate-Investments-and-Development-Management-Cairo-Egypt?o=112&l=sp&t=sj&a=python|search-v3|hpb,not fetched
VAS Support Engineer,Etisalat Misr,"Cairo, Egypt ",Full time,Full timeEntry Level · 1 - 2 Yrs of Exp · Engineering · Technical Support · CCNA · Computer Science · Network · Linux · Communications · VAS · IT/Software Development · Engineering - Telecom/Technology,https://wuzzuf.net/jobs/p/gnp6O59gOQLZ-VAS-Support-Engineer-Etisalat-Misr-Cairo-Egypt?o=113&l=sp&t=sj&a=python|search-v3|hpb,not fetched
Senior Backend Engineer,TEMPO,"New Cairo, Cairo, Egypt ",Full time,Full timeExperienced · 5+ Yrs of Exp · Computer Science · Information Technology (IT) · Back-End · SQL · Agile · Git · Linux · Software Development · AWS · Backend Development,https://wuzzuf.net/jobs/p/ga3PExqYJWK0-Senior-Backend-Engineer-TEMPO-Cairo-Egypt?o=114&l=sp&t=sj&a=python|search-v3|hpb,not fetched
Senior Odoo Developer,Soficopharm,"Nasr City, Cairo, Egypt ",Full time,Full timeExperienced · 5 - 7 Yrs of Exp · Software Development · Software Engineering · Information Technology (IT) · HTML · English · Computer Science · jQuery · JavaScript · Programming · XML,https://wuzzuf.net/jobs/p/EsORCdHbonuq-Senior-Odoo-Developer-Soficopharm-Cairo-Egypt?o=115&l=sp&t=sj&a=python|search-v3|hpb,not fetched
Technical Support Engineer,modern arab communication,"Nasr City, Cairo, Egypt ",Full time,Full timeExperienced · 3+ Yrs of Exp · Engineering · Information Technology (IT) · Computer Science · Agile · Software Development · Technical Support · Software · English · CSS · Software Engineering,https://wuzzuf.net/jobs/p/sjZrD4sNrwCP-Technical-Support-Engineer-modern-arab-communication-Cairo-Egypt?o=116&l=sp&t=sj&a=python|search-v3|hpb,not fetched
Payments Integration Specialist,Confidential -,"Cairo, Egypt ",Full time,Full timeExperienced · 2+ Yrs of Exp · payment · Computer Science · Operations · Information Technology (IT) · Java · C# · PHP · Payments · Software Engineering · Computer Engineering,https://wuzzuf.net/jobs/p/BCavgYH4TPnV-Payments-Integration-Specialist-Cairo-Egypt?o=117&l=sp&t=sj&a=python|search-v3|hpb,not fetched
Front-End Developer - Angular,CloudInn,"Cairo, Egypt ",Full time,Full timeEntry Level · 1 - 5 Yrs of Exp · JavaScript · TypeScript · Angular 4+ · HTML5 · CSS3 · Git · Front-End · Testing · Hybrid App · Ionic,https://wuzzuf.net/jobs/p/HOM2lV3p1Mun-Front-End-Developer---Angular-CloudInn-Cairo-Egypt?o=118&l=sp&t=sj&a=python|search-v3|hpb,not fetched
IN Planning System Senior Specialist,Etisalat Misr,"Cairo, Egypt ",Full time,Full timeExperienced · 1 - 5 Yrs of Exp · Engineering · Information Technology (IT) · revenue management · IN · IT/Software Development · Engineering - Telecom/Technology,https://wuzzuf.net/jobs/p/56TfuLWy8hHl-IN-Planning-System-Senior-Specialist-Etisalat-Misr-Cairo-Egypt?o=119&l=sp&t=sj&a=python|search-v3|hpb,not fetched
Data Engineer,Paymob Solutions,"Maadi, Cairo, Egypt ",Full time,Full timeExperienced · 3+ Yrs of Exp · Computer Science · Information Technology (IT) · Computer Engineering · Engineering · Software · Design · Java · Programming · AWS · Hadoop,https://wuzzuf.net/jobs/p/9apSU4G202rS-Data-Engineer-Paymob-Solutions-Cairo-Egypt?o=120&l=sp&t=sj&a=python|search-v3|hpb,not fetched
Senior Front-End Developer - 6th October/ Sheikh Zayed,Confidential -,"Sheikh Zayed, Giza, Egypt ",Full time,Full timeExperienced · 3 - 5 Yrs of Exp · Software Development · Programming · Information Technology (IT) · Computer Engineering · SQL · NoSQL · AWS · Cloud Functions · Firebase · Git,https://wuzzuf.net/jobs/p/HE3UgAH9LxCb-Senior-Front-End-Developer---6th-October-Sheikh-Zayed-Giza-Egypt?o=121&l=sp&t=sj&a=python|search-v3|hpb,not fetched
Senior Full Stack Software Developer (Focusing on Ruby on Rails),TMentors,"Maadi, Cairo, Egypt ",Full time,Full timeExperienced · 3 - 5 Yrs of Exp · Information Technology (IT) · Computer Science · javaScript · CSS3 · HTML5 · BackboneJs · AJAX · REST · JSON · Node.js,https://wuzzuf.net/jobs/p/jU1zS0hhDu7z-Senior-Full-Stack-Software-Developer-Focusing-on-Ruby-on-Rails-TMentors-Cairo-Egypt?o=122&l=sp&t=sj&a=python|search-v3|hpb,not fetched
Software Engineer,SIA,"Maadi, Cairo, Egypt ",Full time,Full timeEntry Level · 1 - 2 Yrs of Exp · Startup · Software Development · Information Technology (IT) · Agile · AWS · Azure · DevOps · javaScript · OOP · NoSQL,https://wuzzuf.net/jobs/p/pMmsvh5coNL5-Software-Engineer-SIA-Cairo-Egypt?o=123&l=sp&t=sj&a=python|search-v3|hpb,not fetched
Big Data Engineer,Interact Technology Solutions,"Maadi, Cairo, Egypt ",Full time,Full timeExperienced · 5+ Yrs of Exp · Microsoft Office · OOP concept · C# · ASP.NET · JavaScript · SQL · Microsoft CRM · SharePoint · MVC · Knockout,https://wuzzuf.net/jobs/p/nZd1o8mrnxwD-Big-Data-Engineer-Interact-Technology-Solutions-Cairo-Egypt?o=124&l=sp&t=sj&a=python|search-v3|hpb,not fetched
Senior Serverless/NodeJS Developer,camelCase,"Mohandessin, Giza, Egypt ",Full time,Full timeExperienced · 3+ Yrs of Exp · Web Development · Programming · Google Cloud · App Engine · Scalability · TDD · Information Technology (IT) · Computer Science · Software Engineering · Development,https://wuzzuf.net/jobs/p/djIIBOviVCTD-Senior-ServerlessNodeJS-Developer-camelCase-Giza-Egypt?o=125&l=sp&t=sj&a=python|search-v3|hpb,not fetched
Junior Site Reliability Engineer (DevOps),TA telecom,"Cairo, Egypt ",Full time,Full timeExperienced · 2+ Yrs of Exp · AWS · DevOps · GCP · CD · CI · Jenkins · English · Cloud Services · Git · Engineering,https://wuzzuf.net/jobs/p/WTlUmef0GoNJ-Junior-Site-Reliability-Engineer-DevOps-TA-telecom-Cairo-Egypt?o=126&l=sp&t=sj&a=python|search-v3|hpb,not fetched
Senior Software QA Engineer - Web & Desktop,TEMPO,"New Cairo, Cairo, Egypt ",Full timeWork from home,Full timeWork from homeExperienced · 5+ Yrs of Exp · Computer Science · Software Engineering · Software · Agile · Software Testing · Quality · QA · Testing · Git · Information Technology (IT),https://wuzzuf.net/jobs/p/cyky449sao3G-Senior-Software-QA-Engineer---Web-Desktop-TEMPO-Cairo-Egypt?o=127&l=sp&t=sj&a=python|search-v3|hpb,not fetched
Delegated Leader Software QA Engineer - Cairo,TEMPO,"New Cairo, Cairo, Egypt ",Full timeWork from home,Full timeWork from homeManager · 7+ Yrs of Exp · Computer Science · Information Technology (IT) · Software Development · QA · Testing · Software · Software Testing · Quality · Agile · Automation,https://wuzzuf.net/jobs/p/wr7R593lQm1m-Delegated-Leader-Software-QA-Engineer---Cairo-TEMPO-Cairo-Egypt?o=128&l=sp&t=sj&a=python|search-v3|hpb,not fetched
Security & Network Support Engineer (Tier 2),Concentrix,"6th of October, Giza, Egypt ",Full timeWork from home,Full timeWork from homeExperienced · 4+ Yrs of Exp · English · IT · Troubleshooting · Support Engineer · supporting networking · networking · Web Server administration · Computer Science · Information Technology (IT) · Engineering,https://wuzzuf.net/jobs/p/efuXlWqOzebH-Security-Network-Support-Engineer-Tier-2-Concentrix-Giza-Egypt?o=129&l=sp&t=sj&a=python|search-v3|hpb,not fetched
Senior Software Developer (Focusing on .NET),TMentors,"Maadi, Cairo, Egypt ",Full time,Full timeExperienced · 2 - 5 Yrs of Exp · .Net Core · .Net · Information Technology (IT) · Software Development · Computer Science · .NET · Software Engineering · Node.js · javaScript · English,https://wuzzuf.net/jobs/p/NN7g8KbnA1iT-Senior-Software-Developer-Focusing-on-NET-TMentors-Cairo-Egypt?o=130&l=sp&t=sj&a=python|search-v3|hpb,not fetched
Payment & Card Specialist,ITS ,"Nasr City, Cairo, Egypt ",Full time,Full timeExperienced · 6+ Yrs of Exp · corte · ISO8583 · Oracle · SQL Server · payment simulator · Banking · IT/Software Development,https://wuzzuf.net/jobs/p/IBT52n8SXv2E-Payment-Card-Specialist-ITS-Cairo-Egypt?o=131&l=sp&t=sj&a=python|search-v3|hpb,not fetched
Sr. PHP Developer,VA Computing Egypt,"New Cairo, Cairo, Egypt ",Full time,Full timeExperienced · 3 - 5 Yrs of Exp · PHP · Computer Science · Information Technology (IT) · Software Development · Software · Engineering · HTML5 · jQuery · CSS3 · Software Engineering,https://wuzzuf.net/jobs/p/HLsvFV0vFKQ8-Sr-PHP-Developer-VA-Computing-Egypt-Cairo-Egypt?o=132&l=sp&t=sj&a=python|search-v3|hpb,not fetched
Market Research Manager - Mobile Phones,IDC,"6th of October, Giza, Egypt ",Full time,Full timeManager · 8 - 10 Yrs of Exp · Information Technology (IT) · Market Research · Communication Skills · Research · IT · English · Analysis · mobile phones · telecom · Operations/Management,https://wuzzuf.net/jobs/p/NWD8yj0temF6-Market-Research-Manager---Mobile-Phones-IDC-Giza-Egypt?o=133&l=sp&t=sj&a=python|search-v3|hpb,not fetched
Senior Technical Support Engineer,Viavi Solutions,"Maadi, Cairo, Egypt ",Full time,Full timeExperienced · 4 - 8 Yrs of Exp · Computer Engineering · Linux · IT · Troubleshooting · Technical Support · Information Technology (IT) · Computer Science · SQL · Installation/Maintenance/Repair · IT/Software Development,https://wuzzuf.net/jobs/p/1tIx8oFVUuIL-Senior-Technical-Support-Engineer-Viavi-Solutions-Cairo-Egypt?o=134&l=sp&t=sj&a=python|search-v3|hpb,not fetched
Application Developer,Oriental Weavers,"10th of Ramadan City, Sharqia, Egypt ",Full time,Full timeEntry Level · 0 - 2 Yrs of Exp · Computer Science · Information Technology (IT) · Software Development · SQL · javaScript · C# · Java · ASP.NET · Computer Engineering · Engineering,https://wuzzuf.net/jobs/p/00P31VsWNq5M-Application-Developer-Oriental-Weavers-Sharqia-Egypt?o=135&l=sp&t=sj&a=python|search-v3|hpb,not fetched
Full Stack Developer,TTC Technologies,"Heliopolis, Cairo, Egypt ",Full time,Full timeExperienced · 5 - 6 Yrs of Exp · Full Stack · Software Development · Computer Science · Information Technology (IT) · SQL · Software · javaScript · PHP · Angular · React,https://wuzzuf.net/jobs/p/YhwD4tKkmvDM-Full-Stack-Developer-TTC-Technologies-Cairo-Egypt?o=136&l=sp&t=sj&a=python|search-v3|hpb,not fetched
Cross Platform Mobile App Developer,Fab-Minds,"Sheraton, Cairo, Egypt ",Full timePart time,Full timePart timeEntry Level · 1 - 5 Yrs of Exp · Flutter · Development · Computer Engineering · Software · JSON · Information Technology (IT) · Software Development · Android · Mobile Development · Computer Science,https://wuzzuf.net/jobs/p/j0PxIYDPkIJg-Cross-Platform-Mobile-App-Developer-Fab-Minds-Cairo-Egypt?o=137&l=sp&t=sj&a=python|search-v3|hpb,not fetched
Senior Full Stack Developer- PHP Laravel,Digital Harbor,"Maadi, Cairo, Egypt ",Full time,Full timeExperienced · 5 - 10 Yrs of Exp · Full Stack · Angular · React · Information Technology (IT) · Software Development · Computer Science · javaScript · MySQL · Git · jQuery,https://wuzzuf.net/jobs/p/g0s6D5InpcRs-Senior-Full-Stack-Developer--PHP-Laravel-Digital-Harbor-Cairo-Egypt?o=138&l=sp&t=sj&a=python|search-v3|hpb,not fetched
QC Engineer,FlairsTech,"Cairo, Egypt ",Full time,Full timeExperienced · 2 - 5 Yrs of Exp · Testing · Quality Assurance · Quality Control · Automated Testing · SQL · QC · Engineering · Software · API · Integration,https://wuzzuf.net/jobs/p/lPLORnerZSsX-QC-Engineer-FlairsTech-Cairo-Egypt?o=139&l=sp&t=sj&a=python|search-v3|hpb,not fetched
Full Stack Developer,Confidential -,"Cairo, Egypt ",Full timeWork from home,Full timeWork from homeExperienced · 3 - 7 Yrs of Exp · Laravel · PHP · Fron End · Back End · Full Stack · MySQL · Chat Bot · Node JS · JavaScript · HTML,https://wuzzuf.net/jobs/p/hIRD5IdLYhLE-Full-Stack-Developer-Cairo-Egypt?o=140&l=sp&t=sj&a=python|search-v3|hpb,not fetched
Sr. RPA Consultant,SAED,"Nasr City, Cairo, Egypt ",Full time,Full timeExperienced · 2+ Yrs of Exp · Robotics Process Automation · RPA · Computer Science · Information Technology (IT) · Software Development · Automation · Engineering · Automation Anywhere · Software · Uipath,https://wuzzuf.net/jobs/p/DqEz2MBgmYG3-Sr-RPA-Consultant-SAED-Cairo-Egypt?o=141&l=sp&t=sj&a=python|search-v3|hpb,not fetched
Senior Full Stack Developer,Nest Of Ads,"New Nozha, Cairo, Egypt ",Full time,Full timeExperienced · 4+ Yrs of Exp · Computer Science · Information Technology (IT) · javaScript · Software Development · HTML5 · PHP · IT/Software Development · Engineering - Telecom/Technology,https://wuzzuf.net/jobs/p/DyfP60gbalnF-Senior-Full-Stack-Developer-Nest-Of-Ads-Cairo-Egypt?o=142&l=sp&t=sj&a=python|search-v3|hpb,not fetched
Game Developer,InnovaTech Group,"Cairo, Egypt ",Full time,Full timeExperienced · 5 - 7 Yrs of Exp · Computer Science · Game Development · Software Development · Information Technology (IT) · Game · Game Design · IT/Software Development,https://wuzzuf.net/jobs/p/2KcOgmihtbRx-Game-Developer-InnovaTech-Group-Cairo-Egypt?o=143&l=sp&t=sj&a=python|search-v3|hpb,not fetched
